tenantID,firstName,surname,emailAddress,moveDate,moveTime,propertyID
1,Jake,Moses,jmoses@email.com,15/08/2020,9:00am,49921
2,John,Smith,jsmith@emai.com,15/08/2020,9:00am,49921
3,Andrew,Moir,amoir@email.com,15/08/2020,9:00am,49921
4,Eric,Roberts,eroberts@email.com,15/08/2020,11:00am,89946
5,Rayford,Matthews,rmatthews@email.com,15/08/2020,1:00pm,44541
6,Lesa,Hansen,lhansen@email.com,15/08/2020,3:00pm,67951
7,Dionne,Nichols,dnichols@email.com,15/08/2020,5:00pm,47148
8,Odis,Strickland,ostrickland@email.com,16/08/2020,10:30am,15524
9,Noel,Lynn,nlynn@email.com,16/08/2020,1:00pm,44726
10,Keven,Le,kle@email.com,16/08/2020,4:00pm,78422
11,Beau,Bright,bbright@email.com,17/08/2020,9:30am,52534
12,Karin,Ross,kross@email.com,17/08/2020,1:30pm,39471
13,Paulette,Choi,pchoi@email.com,17/08/2020,5:00pm,77929
14,Lianne,Chang,lchang@email.com,18/08/2020,10:00am,52534
15,Sonny,Pugh,spugh@email.com,18/08/2020,10:00am,93769
16,Sid,Morton,smorton@email.com,18/08/2020,3:00pm,11457
17,Georgina ,Gutierrez,ggutierrez@email.com,20/08/2020,9:00am,98825
18,Monty,Frederick,mfredrick@email.com,20/08/2020,12:00pm,75731
19,Clement,Clarke,cclarke@email.com,20/08/2020,4:30pm,89298
20,Sherrie,Hill,shill@email.com,24/08/2020,9:30am,39391
21,Clinton,Lowe,clowe@email.com,24/08/2020,11:30am,97582
22,Harry,Styles,hstyles@email.com,24/08/2020,12:00pm,98825
23,Sarah,Conor,sconor@email.com,24/08/2020,12:00pm,78422
24,Allan,Banks,abanks@email.com,24/08/2020,12:30pm,66141
25,Edwin,Rich,erich@email.com,24/08/2020,1:30pm,45844
26,Cara,Mccullough,cmccullough@email.com,24/08/2020,3:30pm,84716
27,Candace,Orozco,corozco@email.com,25/08/2020,11:00am,27323
28,Sue,Cabrera,scabrera@email.com,25/08/2020,3:30pm,66141
29,Maynard,Sloan,msloan@email.com,28/08/2020,10:00am,38722
30,Leo,Massey,lmassey@email.com,28/08/2020,2:00pm,66545
31,Alton,Davidson,adavidson@email.com,29/08/2020,2:00pm,62811
32,Jaime ,Waller,jwaller@email.com,29/08/2020,5:00pm,92598
33,Polly,Everett,peverett@email.com,30/01/1900,9:00am,42356
34,Valentin ,Phelps,vphelps@email.com,30/01/1900,11:00am,28311
35,Andre,Dodson,adodson@email.com,31/08/2020,3:00pm,41665
36,Rolland,Andrade,randrade@email.com,31/08/2020,5:00pm,33794
